StandardSpecialty,Population,SullivanCotter,Gallagher,MGMA
Addiction Medicine - Non-Psychiatry,Adult,Addiction Medicine - Non-Psychiatry,,
Addiction Medicine/Substance Abuse,Adult,Addiction Medicine/Substance Abuse,Addiction Medicine/Substance Abuse,
Anesthesiology,Adult,Anesthesiology,Anesthesiology: Cardiac,
Anesthesiology - Cardiovascular,Adult,Anesthesiology - Cardiovascular,Anesthesiology,
Anesthesiology - Neurocritical Care,Adult,Anesthesiology - Neurocritical Care,,
Anesthesiology - Pain Medicine,Adult,Anesthesiology - Pain Medicine,Pain Management: Non-Anesthesiology,
Audiologist,Adult,Audiologist,,
Audiologist (MS),Adult,Audiologist (MS),,
Bariatric Surgery,Adult,Bariatric Surgery,Surgery: Bariatric,
Biochemistry,Adult,Biochemistry,,
Cancer Biology,Adult,Cancer Biology,,
Cardiology - Adult Congenital Heart Disease,Adult,Cardiology - Adult Congenital Heart Disease,,
Cardiology - Advanced Heart Failure and Transplant,Adult,Cardiology - Advanced Heart Failure and Transplant,Cardiology: Heart Failure/Heart Transplant,
"Cardiology - Cardiac Imaging (Echo, CT, MRI, Nuclear)",Adult,"Cardiology - Cardiac Imaging (Echo, CT, MRI, Nuclear)",,
Cardiology - Electrophysiology,Adult,Cardiology - Electrophysiology,Cardiology: Electrophysiology,
Cardiology - General,Adult,Cardiology - General,Cardiology: Noninvasive,
Cardiology - Invasive - Interventional,Adult,Cardiology - Invasive - Interventional,Cardiology: Invasive-Interventional,
Cardiology - Invasive - Noninterventional,Adult,Cardiology - Invasive - Noninterventional,Cardiology: Invasive,
Cardiology - Structural Heart Disease,Adult,Cardiology - Structural Heart Disease,,
Cardiothoracic Surgery,Adult,Cardiothoracic Surgery,Surgery: Cardiothoracic/Cardiovascular,
Cellular and Molecular Biology,Adult,Cellular and Molecular Biology,,
Chiropractor,Adult,Chiropractor,,
Clinical Nurse Specialist (RN),Adult,Clinical Nurse Specialist (RN),,
Colon and Rectal Surgery,Adult,Colon and Rectal Surgery,Surgery: Colon and Rectal,
Combined Scientific Disciplines - PhD,Adult,Combined Scientific Disciplines - PhD,,
Computational Biology,Adult,Computational Biology,,
Concierge Medicine,Adult,Concierge Medicine,Concierge Medicine,
Critical Care Medicine,Adult,Critical Care Medicine,Pulmonary Medicine: General and Critical Care,
Critical Care Medicine - Cardiology,Adult,Critical Care Medicine - Cardiology,Critical Care/Intensivist,
Dentist,Adult,Dentist,,
Dentistry,Adult,Dentistry,Dentistry,
Dermatology,Adult,Dermatology,Dermatology: Dermatopathology,
Dermatology - Mohs Surgery,Adult,Dermatology - Mohs Surgery,Dermatology: Mohs Surgery,
Dosimetrist,Adult,Dosimetrist,,
Emergency Medicine - Nocturnist,Adult,Emergency Medicine - Nocturnist,Emergency Medicine,
Endocrine Surgery,Adult,Endocrine Surgery,Surgery: Endocrine,
Endocrinology and Metabolism,Adult,Endocrinology and Metabolism,Endocrinology/Metabolism,
Endovascular Surgery,Adult,Endovascular Surgery,Surgery: Neurological (Endovascular),
Epidemiology,Adult,Epidemiology,,
Family Medicine,Adult,Family Medicine,Family Practice: Sports Medicine,
Family Medicine With Obstetrics,Adult,Family Medicine With Obstetrics,,
Gastroenterology - Advanced Endoscopy,Adult,Gastroenterology - Advanced Endoscopy,,
General Surgery,Adult,General Surgery,,
General Surgery - Minimally Invasive Surgery/Robotics,Adult,General Surgery - Minimally Invasive Surgery/Robotics,,
Genetics (MD),Adult,Genetics (MD),Genetics,
Geriatrics,Adult,Geriatrics,Geriatrics,
Gynecologic Surgery - Minimally Invasive Surgery/Robotics,Adult,Gynecologic Surgery - Minimally Invasive Surgery/Robotics,OB/GYN: Minimally Invasive Gynecologic Surgery,
Hepatobiliary or Hepatopancreatobiliary Surgery,Adult,Hepatobiliary or Hepatopancreatobiliary Surgery,,
Hepatology,Adult,Hepatology,Gastroenterology: Hepatology,
Hepatology - Transplant,Adult,Hepatology - Transplant,Surgery: Transplant,
Hospice Medicine,Adult,Hospice Medicine,,
Hospice and Palliative Medicine,Adult,Hospice and Palliative Medicine,Hospice/Palliative Care,
Hospitalist - Extensivist,Adult,Hospitalist - Extensivist,,
Hospitalist - Family Medicine,Adult,Hospitalist - Family Medicine,Hospitalist: Family Practice/Internal Medicine,
Hospitalist - Gastroenterology,Adult,Hospitalist - Gastroenterology,Gastroenterology,
Hospitalist - Internal Medicine,Adult,Hospitalist - Internal Medicine,Hospitalist: Neuro,
Hospitalist - Laborist,Adult,Hospitalist - Laborist,OB/GYN: Hospitalist/Laborist,
Hospitalist - Neurology,Adult,Hospitalist - Neurology,Neurology,
Hospitalist - Nocturnist,Adult,Hospitalist - Nocturnist,Hospitalist: Nocturnist,
Hospitalist - Surgicalist,Adult,Hospitalist - Surgicalist,,
Hyperbaric and Wound Care,Adult,Hyperbaric and Wound Care,,
Immunology,Adult,Immunology,Allergy/Immunology,
Integrative Medicine,Adult,Integrative Medicine,Integrative Medicine,
Internal Medicine,Adult,Internal Medicine,,
Internal Medicine - Medical Home,Adult,Internal Medicine - Medical Home,,
Internal Medicine: General,Adult,Internal Medicine: General,Internal Medicine: General,
Medical Urology,Adult,Medical Urology,Urology,
Microbiology,Adult,Microbiology,,
Nephrology - Transplant,Adult,Nephrology - Transplant,Nephrology: Transplant,
Nephrology and Hypertension,Adult,Nephrology and Hypertension,Nephrology,
Neurological Surgery,Adult,Neurological Surgery,Surgery: Neurological,
Neurological Surgery - Cranial,Adult,Neurological Surgery - Cranial,Surgery: Neurological,
Neurological Surgery - Functional,Adult,Neurological Surgery - Functional,Surgery: Neurological,
Neurological Surgery - Neurocritical Care,Adult,Neurological Surgery - Neurocritical Care,,
Neurological Surgery - Spine,Adult,Neurological Surgery - Spine,Surgery: Neurological (Spine),
Neurology - Epilepsy,Adult,Neurology - Epilepsy,Neurology,
Neurology - Interventional,Adult,Neurology - Interventional,Neurology: Interventional/Vascular,
Neurology - Movement Disorders,Adult,Neurology - Movement Disorders,Neurology: Movement Disorders,
Neurology - Multiple Sclerosis,Adult,Neurology - Multiple Sclerosis,,
Neurology - Neurocritical Care,Adult,Neurology - Neurocritical Care,,
Neurology - Neuromuscular,Adult,Neurology - Neuromuscular,Neurology: Neuromuscular,
Neurology - Vascular,Adult,Neurology - Vascular,Neurology: Interventional/Vascular,
Neurology: Cerebral/Stroke,Adult,Neurology: Cerebral/Stroke,Neurology: Cerebral/Stroke,
Neurophysiology,Adult,Neurophysiology,,
Neuropsychologist (PhD),Adult,Neuropsychologist (PhD),,
Neuroscience,Adult,Neuroscience,,
Nutritionist (Non-MD),Adult,Nutritionist (Non-MD),,
OB/GYN: General,Adult,OB/GYN: General,OB/GYN: General,
OB/GYN: Gynecological Oncology,Adult,OB/GYN: Gynecological Oncology,OB/GYN: Gynecological Oncology,
OB/GYN: Maternal and Fetal Medicine,Adult,OB/GYN: Maternal and Fetal Medicine,OB/GYN: Maternal and Fetal Medicine,
OB/GYN: Reproductive Endocrinology,Adult,OB/GYN: Reproductive Endocrinology,OB/GYN: Reproductive Endocrinology,
OB/GYN: Urogynecology,Adult,OB/GYN: Urogynecology,OB/GYN: Urogynecology,
Obesity Medicine,Adult,Obesity Medicine,,
Obstetrics/Gynecology - General,Adult,Obstetrics/Gynecology - General,,
Obstetrics/Gynecology - Gynecologic Oncology,Adult,Obstetrics/Gynecology - Gynecologic Oncology,,
Obstetrics/Gynecology - Gynecology Only,Adult,Obstetrics/Gynecology - Gynecology Only,OB/GYN: Gynecology (Only),
Obstetrics/Gynecology - Maternal and Fetal Medicine,Adult,Obstetrics/Gynecology - Maternal and Fetal Medicine,,
Obstetrics/Gynecology - Reproductive Endocrinology and Infertility,Adult,Obstetrics/Gynecology - Reproductive Endocrinology and Infertility,,
Obstetrics/Gynecology - Urogynecology,Adult,Obstetrics/Gynecology - Urogynecology,,
Occupational Therapist,Adult,Occupational Therapist,Occupational Medicine,
Occupational and Environmental Medicine,Adult,Occupational and Environmental Medicine,Occupational Medicine,
Oncology - Breast,Adult,Oncology - Breast,Surgery: Breast,
Oncology - Medical Oncology,Adult,Oncology - Medical Oncology,Surgery: Oncology,
Oncology - Neuro-Oncology,Adult,Oncology - Neuro-Oncology,Hematology/Oncology: Neuro,
Ophthalmology - Cornea and External Disease,Adult,Ophthalmology - Cornea and External Disease,,
Ophthalmology - General,Adult,Ophthalmology - General,Ophthalmology (Nonsurgical),
Ophthalmology - Glaucoma,Adult,Ophthalmology - Glaucoma,Ophthalmology: Glaucoma,
Ophthalmology - Medical,Adult,Ophthalmology - Medical,Ophthalmology,
Ophthalmology - Medical Retina,Adult,Ophthalmology - Medical Retina,,
Ophthalmology - Neuro-Ophthalmology,Adult,Ophthalmology - Neuro-Ophthalmology,Ophthalmology: Neuro,
Ophthalmology - Oculoplastic Surgery,Adult,Ophthalmology - Oculoplastic Surgery,Ophthalmology,
Ophthalmology - Oncology,Adult,Ophthalmology - Oncology,Ophthalmology,
Ophthalmology - Refractive Surgery,Adult,Ophthalmology - Refractive Surgery,Ophthalmology: Corneal/Refractive Surgery,
Ophthalmology - Vitreoretinal Surgery,Adult,Ophthalmology - Vitreoretinal Surgery,Ophthalmology,
Optometry,Adult,Optometry,,
Oral and Maxillofacial Surgery,Adult,Oral and Maxillofacial Surgery,Surgery: Oral,
Orthodontist,Adult,Orthodontist,,
Orthopedic Surgery - Foot and Ankle,Adult,Orthopedic Surgery - Foot and Ankle,Orthopedic Surgery: Foot and Ankle,
Orthopedic Surgery - General,Adult,Orthopedic Surgery - General,Orthopedic (Nonsurgical),
Orthopedic Surgery - Hand,Adult,Orthopedic Surgery - Hand,Orthopedic Surgery: Hand,
Orthopedic Surgery - Hip and Knee,Adult,Orthopedic Surgery - Hip and Knee,Orthopedic Surgery: Hip and Joint,
Orthopedic Surgery - Medical,Adult,Orthopedic Surgery - Medical,Orthopedic Surgery: General,
Orthopedic Surgery - Oncology,Adult,Orthopedic Surgery - Oncology,Orthopedic Surgery: Oncology,
Orthopedic Surgery - Shoulder and Elbow,Adult,Orthopedic Surgery - Shoulder and Elbow,Orthopedic Surgery: Shoulder and Elbow,
Orthopedic Surgery - Spine,Adult,Orthopedic Surgery - Spine,Orthopedic Surgery: Spine,
Orthopedic Surgery - Sports Medicine,Adult,Orthopedic Surgery - Sports Medicine,Orthopedic Surgery: Sports Medicine,
Orthopedic Surgery - Trauma,Adult,Orthopedic Surgery - Trauma,Orthopedic Surgery: Trauma,
Otolaryngology - Facial Plastic and Reconstructive Surgery,Adult,Otolaryngology - Facial Plastic and Reconstructive Surgery,,
Otolaryngology - General,Adult,Otolaryngology - General,,
Otolaryngology - Head and Neck,Adult,Otolaryngology - Head and Neck,Otorhinolaryngology: Head and Neck Surgery,
Otolaryngology - Medical,Adult,Otolaryngology - Medical,,
Otolaryngology - Otology and Neurotology,Adult,Otolaryngology - Otology and Neurotology,Otorhinolaryngology: Otology/Neurotology,
Otolaryngology - Rhinology,Adult,Otolaryngology - Rhinology,,
Otorhinolaryngology: Rhinology,Adult,Otorhinolaryngology: Rhinology,Otorhinolaryngology: Rhinology,
Pain Medicine - Non-Anesthesiology,Adult,Pain Medicine - Non-Anesthesiology,Pain Management: Non-Anesthesiology,
Palliative Care,Adult,Palliative Care,Hospice/Palliative Care,
Pathology,Adult,Pathology,Pathology: Anatomic,
Pathology - Anatomic,Adult,Pathology - Anatomic,Pathology: Anatomic,
Pathology - Anatomic and Clinical,Adult,Pathology - Anatomic and Clinical,Pathology: Anatomic and Clinical,
Pathology - Blood Banking and Transfusion Medicine,Adult,Pathology - Blood Banking and Transfusion Medicine,,
Pathology - Clinical,Adult,Pathology - Clinical,Pathology: Clinical,
Pathology - Cytopathology,Adult,Pathology - Cytopathology,,
Pathology - Dermatopathology,Adult,Pathology - Dermatopathology,,
Pathology - Forensic,Adult,Pathology - Forensic,,
Pathology - Molecular Genetic,Adult,Pathology - Molecular Genetic,,
Pathology - Surgical,Adult,Pathology - Surgical,,
Pathology Assistant,Adult,Pathology Assistant,,
Perfusionist,Adult,Perfusionist,,
Pharmacist,Adult,Pharmacist,,
Pharmacology,Adult,Pharmacology,,
Physiatry,Adult,Physiatry,Physiatry,
Physical Medicine and Rehabilitation,Adult,Physical Medicine and Rehabilitation,,
Physical Medicine and Rehabilitation - Interventional Pain Management,Adult,Physical Medicine and Rehabilitation - Interventional Pain Management,,
Physical Therapist,Adult,Physical Therapist,,
Physical Therapist - Assistant,Adult,Physical Therapist - Assistant,,
Physics - Diagnostic Radiology,Adult,Physics - Diagnostic Radiology,Radiology: Diagnostic-Interventional,
Physics - Imaging,Adult,Physics - Imaging,,
Physics - Nuclear Medicine,Adult,Physics - Nuclear Medicine,,
Physics - Radiation Oncology,Adult,Physics - Radiation Oncology,Radiation Oncology,
Plastic and Reconstructive Surgery,Adult,Plastic and Reconstructive Surgery,,
Plastic and Reconstructive Surgery - Hand,Adult,Plastic and Reconstructive Surgery - Hand,Surgery: Plastic and Reconstruction (Hand),
Podiatry - Medical,Adult,Podiatry - Medical,Podiatry: General,
Podiatry - Surgical,Adult,Podiatry - Surgical,Podiatry: General,
Podiatry - Surgical - Foot and Ankle - Fellowship Trained,Adult,Podiatry - Surgical - Foot and Ankle - Fellowship Trained,Podiatry: Surgery (Foot and Ankle),
Primary Care - Rural Emergency Department,Adult,Primary Care - Rural Emergency Department,,
Psychiatry - Addiction Psychiatry,Adult,Psychiatry - Addiction Psychiatry,Psychiatry: General,
Psychiatry - Consult Liaison,Adult,Psychiatry - Consult Liaison,Psychiatry: Liaison,
Psychiatry - Forensic,Adult,Psychiatry - Forensic,Psychiatry: General,
Psychiatry - General,Adult,Psychiatry - General,Psychiatry: General,
Psychiatry - Geriatrics,Adult,Psychiatry - Geriatrics,Geriatrics,
Psychiatry - Inpatient,Adult,Psychiatry - Inpatient,Psychiatry: Inpatient,
Psychiatry - Neuropsychiatry,Adult,Psychiatry - Neuropsychiatry,Psychiatry: General,
Psychiatry - Outpatient,Adult,Psychiatry - Outpatient,Psychiatry: Outpatient,
Psychologist (MS),Adult,Psychologist (MS),,
Psychologist (PhD),Adult,Psychologist (PhD),,
Pulmonary Medicine: General,Adult,Pulmonary Medicine: General,Pulmonary Medicine: General,
Pulmonary Medicine: Interventional,Adult,Pulmonary Medicine: Interventional,Pulmonary Medicine: Interventional,
Pulmonology - Critical Care Medicine,Adult,Pulmonology - Critical Care Medicine,Critical Care/Intensivist,
Pulmonology - Interventional,Adult,Pulmonology - Interventional,,
Pulmonology - Without Critical Care or Sleep Medicine,Adult,Pulmonology - Without Critical Care or Sleep Medicine,,
Radiology - Diagnostic,Adult,Radiology - Diagnostic,Radiology: Diagnostic-Interventional,
Radiology - Interventional,Adult,Radiology - Interventional,Radiology: Diagnostic-Interventional,
Radiology - Mammography,Adult,Radiology - Mammography,Radiology: Mammography,
Radiology - Musculoskeletal,Adult,Radiology - Musculoskeletal,,
Radiology - Neurointerventional,Adult,Radiology - Neurointerventional,Radiology: Diagnostic-Neurointerventional,
Radiology - Nocturnist,Adult,Radiology - Nocturnist,,
Radiology - Nuclear Medicine,Adult,Radiology - Nuclear Medicine,Radiology: Nuclear Medicine,
Radiology - Radiation Oncology,Adult,Radiology - Radiation Oncology,Radiation Oncology,
Skilled Nursing Facility Provider,Adult,Skilled Nursing Facility Provider,,
Sleep Medicine,Adult,Sleep Medicine,Sleep Medicine,
Social Worker,Adult,Social Worker,,
Speech Pathologist,Adult,Speech Pathologist,,
Sports Medicine - Medical,Adult,Sports Medicine - Medical,,
Statistics,Adult,Statistics,,
Surgery: General,Adult,Surgery: General,Surgery: General,
Surgical Critical Care,Adult,Surgical Critical Care,Critical Care/Intensivist,
Surgical Oncology - Breast Surgery,Adult,Surgical Oncology - Breast Surgery,,
Surgical Oncology - General,Adult,Surgical Oncology - General,Surgery: Oncology,
Surgical Oncology - Thoracic,Adult,Surgical Oncology - Thoracic,,
Surgical Oncology - Urology,Adult,Surgical Oncology - Urology,,
Thoracic Surgery,Adult,Thoracic Surgery,Surgery: Thoracic,
Transplant Surgery - General,Adult,Transplant Surgery - General,Surgery: Transplant,
Transplant Surgery - Kidney,Adult,Transplant Surgery - Kidney,Surgery: Transplant (Kidney),
Transplant Surgery - Liver,Adult,Transplant Surgery - Liver,Surgery: Transplant (Liver),
Transplant Surgery - Medical,Adult,Transplant Surgery - Medical,Surgery: Transplant,
Trauma Surgery,Adult,Trauma Surgery,Surgery: Trauma,
Trauma Surgery - Burn,Adult,Trauma Surgery - Burn,Surgery: Trauma (Burn),
Urology - Minimally Invasive Surgery/Robotics,Adult,Urology - Minimally Invasive Surgery/Robotics,,
Vascular Medicine,Adult,Vascular Medicine,Surgery: Vascular,
Vascular Surgery,Adult,Vascular Surgery,Surgery: Vascular,
Vascular Surgery - Medical Only,Adult,Vascular Surgery - Medical Only,,
Virtualist - Diagnostic Radiology,Adult,Virtualist - Diagnostic Radiology,Radiology: Diagnostic-Interventional,
Virtualist - Neurology,Adult,Virtualist - Neurology,Neurology,
Virtualist - Primary Care,Adult,Virtualist - Primary Care,,
Virtualist - Psychiatry,Adult,Virtualist - Psychiatry,Psychiatry: General,
Wound Care: Medical & Surgical,Adult,Wound Care: Medical & Surgical,Wound Care: Medical & Surgical,
Pediatrics - Adolescent Medicine,Pediatrics,Pediatrics - Adolescent Medicine,Pediatrics: Adolescent Medicine,Pediatrics: Adolescent Medicine
Pediatrics - Allergy and Immunology,Pediatrics,Pediatrics - Allergy and Immunology,Pediatrics: Allergy/Immunology,Pediatrics: Allergy / Immunology
Pediatrics - Anesthesiology,Pediatrics,Pediatrics - Anesthesiology,Pediatrics: Anesthesiology,Pediatrics: Anesthesiology
Pediatrics - Anesthesiology - Cardiovascular,Pediatrics,Pediatrics - Anesthesiology - Cardiovascular,Pediatrics: Anesthesiology,Pediatrics: Anesthesiology
Pediatrics - Bone Marrow Transplant,Pediatrics,Pediatrics - Bone Marrow Transplant,,Pediatrics: Bone Marrow Transplant
Pediatrics - Cardiology,Pediatrics,Pediatrics - Cardiology,Pediatrics: Cardiology,Pediatrics: Cardiology
Pediatrics - Cardiology - General,Pediatrics,Cardiology - General,Cardiology: Electrophysiology,Pediatrics: Cardiology
Pediatrics - Cardiology - Interventional,Pediatrics,Pediatrics - Cardiology - Interventional,Pediatrics: Cardiology,Pediatrics: Cardiology
Pediatrics - Cardiothoracic Surgery,Pediatrics,Pediatrics - Cardiothoracic Surgery,Pediatrics: Surgery (Cardiothoracic/Cardiovascular),Pediatrics: Cardiothoracic Surgery
Pediatrics - Cardiovascular Surgery,Pediatrics,Cardiovascular Surgery,Surgery: Cardiovascular,Pediatrics: Cardiovascular Surgery
Pediatrics - Child Abuse,Pediatrics,Pediatrics - Child Abuse,Pediatrics: Child Abuse,Pediatrics: Child Development
Pediatrics - Child Psychologist (PhD),Pediatrics,Child Psychologist (PhD),,
Pediatrics - Clinical and Lab Immunology,Pediatrics,Pediatrics: Clinical and Lab Immunology,,Pediatrics: Clinical and Lab Immunology
Pediatrics - Complex Otolaryngology,Pediatrics,Pediatrics - Complex Otolaryngology,,
Pediatrics - Critical Care Medicine,Pediatrics,Pediatrics - Critical Care Medicine,Pediatrics: Critical Care/Intensivist,Pediatrics: Critical Care / Intensivist
Pediatrics - Critical Care Medicine - Cardiology,Pediatrics,Pediatrics - Critical Care Medicine - Cardiology,Pediatrics: Critical Care/Intensivist,Pediatrics: Critical Care / Intensivist
Pediatrics - Dentist,Pediatrics,Pediatric Dentist,,
Pediatrics - Dermatology,Pediatrics,Pediatrics - Dermatology,Pediatrics: Dermatology,Pediatrics: Dermatology
Pediatrics - Developmental-Behavioral Medicine,Pediatrics,Pediatrics - Developmental-Behavioral Medicine,,
Pediatrics - Emergency Medicine,Pediatrics,Pediatrics - Emergency Medicine,Pediatrics: Emergency Medicine,Pediatrics: Emergency Medicine
Pediatrics - Endocrinology,Pediatrics,Pediatrics - Endocrinology,Pediatrics: Endocrinology,Pediatrics: Endocrinology
Pediatrics - Gastroenterology,Pediatrics,Pediatrics - Gastroenterology,Pediatrics: Gastroenterology,Pediatrics: Gastroenterology
Pediatrics - General,Pediatrics,Pediatrics - General,Pediatrics: General,Pediatrics: General
Pediatrics - General Surgery,Pediatrics,Pediatrics - General Surgery,Pediatrics: General,Pediatrics: General
Pediatrics - Genetics,Pediatrics,Pediatrics - Genetics,Pediatrics: Genetics,Pediatrics: Genetics
Pediatrics - Gynecology,Pediatrics,Pediatrics - Gynecology,Pediatrics: Gynecology,Pediatrics: General
Pediatrics - Hematology and Oncology,Pediatrics,Pediatrics - Hematology and Oncology,Pediatrics: Hematology/Oncology,Pediatrics: Hematology / Oncology
Pediatrics - Hospitalist,Pediatrics,Pediatrics - Hospitalist,Pediatrics: Hospitalist,Pediatrics: Hospitalist
Pediatrics - Hospitalist - Fellowship Trained,Pediatrics,Pediatrics - Hospitalist - Fellowship Trained,Pediatrics: Hospitalist,Pediatrics: Hospitalist
Pediatrics - Hospitalist - Internal Medicine,Pediatrics,Hospitalist - Internal Medicine,Hospitalist: Family Practice/Internal Medicine,Pediatrics: Hospitalist
Pediatrics - Infectious Disease,Pediatrics,Pediatrics - Infectious Disease,Pediatrics: Infectious Disease,Pediatrics: Infectious Disease
Pediatrics - Internal Medicine,Pediatrics,Pediatrics - Internal Medicine,Pediatrics: General,Pediatrics: General
Pediatrics - Neonatal-Perinatal Medicine,Pediatrics,Pediatrics - Neonatal-Perinatal Medicine,Pediatrics: Neonatal Medicine,Pediatrics: Neonatal Medicine
Pediatrics - Nephrology,Pediatrics,Pediatrics - Nephrology,Pediatrics: Nephrology,Pediatrics: Nephrology
Pediatrics - Neurological Surgery,Pediatrics,Pediatrics - Neurological Surgery,Pediatrics: Surgery (Neurological),Pediatrics: General
Pediatrics - Neurology,Pediatrics,Pediatrics - Neurology,Pediatrics: Neurology,Pediatrics: Neurology
Pediatrics - Neurology - Epilepsy,Pediatrics,Pediatrics - Neurology - Epilepsy,Pediatrics: Neurology,Pediatrics: Neurology
Pediatrics - Neurology - Neuromuscular,Pediatrics,Pediatrics - Neurology - Neuromuscular,Neurology: Neuromuscular,Pediatrics: Neurology
Pediatrics - Oncology - Bone Marrow Transplant,Pediatrics,Oncology - Bone Marrow Transplant,,Pediatrics: Bone Marrow Transplant
Pediatrics - Oncology - Hematology and Oncology,Pediatrics,Oncology - Hematology and Oncology,Hematology/Oncology,Pediatrics: Hematology / Oncology
Pediatrics - Ophthalmology,Pediatrics,Pediatrics - Ophthalmology,Pediatrics: Ophthalmology,Pediatrics: Ophthalmology
Pediatrics - Ophthalmology - General,Pediatrics,Ophthalmology - General,Ophthalmology,Pediatrics: Ophthalmology
Pediatrics - Optometry,Pediatrics,Pediatrics - Optometry,Pediatrics: General,Pediatrics: General
Pediatrics - Orthopedic Surgery,Pediatrics,Pediatrics - Orthopedic Surgery,Orthopedic Surgery: General,Pediatrics: Orthopedic Surgery
Pediatrics - Orthopedic Surgery - General,Pediatrics,Orthopedic Surgery - General,Orthopedic Surgery: General,Pediatrics: Orthopedic Surgery
Pediatrics - Orthopedic Surgery - Spine,Pediatrics,Pediatrics - Orthopedic Surgery - Spine,Orthopedic Surgery: Spine,Pediatrics: Orthopedic Surgery
Pediatrics - Orthopedic Surgery - Sports Medicine,Pediatrics,Pediatrics - Orthopedic Surgery - Sports Medicine,Orthopedic Surgery: Sports Medicine,Pediatrics: Orthopedic Surgery
Pediatrics - Otorhinolaryngology: General,Pediatrics,Otorhinolaryngology: General,Otorhinolaryngology: General,Pediatrics: Otorhinolaryngology
Pediatrics - Palliative Care,Pediatrics,Pediatrics - Palliative Care,Hospice/Palliative Care,Pediatrics: Urgent Care
Pediatrics - Pathology,Pediatrics,Pediatrics - Pathology,Pediatrics: Pathology,Pediatrics: General
Pediatrics - Pediatric / Child Health,Pediatrics,Nurse Practitioner: Pediatric / Child Health,,Nurse Practitioner: Pediatric / Child Health
Pediatrics - Physical Medicine and Rehabilitation,Pediatrics,Pediatrics - Physical Medicine and Rehabilitation,,
Pediatrics - Plastic and Reconstructive Surgery,Pediatrics,Pediatrics - Plastic and Reconstructive Surgery,Pediatrics: Surgery (Plastic and Reconstruction),Pediatrics: Plastic and Reconstruction Surgery
Pediatrics - Psychiatry - Child and Adolescent,Pediatrics,Psychiatry - Child and Adolescent,,Psychiatry: Child and Adolescent
Pediatrics - Psychiatry - Pediatric Neuropsychiatry,Pediatrics,Psychiatry - Pediatric Neuropsychiatry,,
Pediatrics - Pulmonology,Pediatrics,Pediatrics - Pulmonology,Pediatrics: Pulmonology,Pediatrics: Pulmonology
Pediatrics - Pulmonology - General,Pediatrics,Pulmonology - General,Pediatrics: Pulmonology,Pediatrics: Pulmonology
Pediatrics - Radiology - Diagnostic,Pediatrics,Pediatrics - Radiology - Diagnostic,Pediatrics: Radiology,Pediatrics: Radiology
Pediatrics - Radiology - Interventional,Pediatrics,Pediatrics - Radiology - Interventional,Pediatrics: Radiology,Pediatrics: Radiology
Pediatrics - Rheumatology,Pediatrics,Pediatrics - Rheumatology,Pediatrics: Rheumatology,Pediatrics: Rheumatology
Pediatrics - Sports Medicine - Medical,Pediatrics,Pediatrics - Sports Medicine - Medical,Pediatrics: Sports Medicine,Pediatrics: Sports Medicine
Pediatrics - Surgery: Plastic and Reconstruction,Pediatrics,Surgery: Plastic and Reconstruction,Surgery: Plastic and Reconstruction,Pediatrics: Plastic and Reconstruction Surgery
Pediatrics - Surgery: Plastic and Reconstruction (Oculo),Pediatrics,Surgery: Plastic and Reconstruction (Oculo),Surgery: Plastic and Reconstruction (Oculo),Pediatrics: Plastic and Reconstruction Surgery
Pediatrics - Urgent Care,Pediatrics,Pediatrics - Urgent Care,Pediatrics: Urgent Care,Pediatrics: Urgent Care
Pediatrics - Urology,Pediatrics,Pediatrics - Urology,Pediatrics: Urology,Pediatrics: Urology
Pediatrics - Virtualist - Urgent Care,Pediatrics,Virtualist - Urgent Care,Urgent Care,Pediatrics: Urgent Care
